ID,Name,Date of Birth,Gender,Phone,Email,Address,Occupation,Religion
125,Ahmed Ali,20-02-1977,Male,7558040057,ahmed.ali91@example.com,"House No: 18, Church Street, Near School, Kollam, Kerala - 695494",Doctor,Muslim
201,Ahmed Musliyar,14-12-1988,Male,9361424966,ahmed.musliyar26@example.com,"House No: 80, Temple Road, Near Bus Stand, Thrissur, Kerala - 685460",Software Engineer,Muslim
221,Ahmed Musliyar,22-06-1964,Male,7370168362,ahmed.musliyar66@example.com,"House No: 83, Temple Road, Near Hospital, Thiruvananthapuram, Kerala - 674956",Student,Muslim
182,Ahmed Rawther,25-09-1968,Male,8890367770,ahmed.rawther76@example.com,"House No: 70, Bypass Road, Near Hospital, Alappuzha, Kerala - 674998",Farmer,Muslim
284,Albin John,07-02-1991,Male,7596858099,albin.john57@example.com,"House No: 243, Main Road, Near School, Kollam, Kerala - 686134",Nurse,Christian
172,Alex Kurian,25-10-1965,Male,8356165400,alex.kurian84@example.com,"House No: 78, Bypass Road, Near School, Palakkad, Kerala - 682617",Student,Christian
196,Alex Mathew,04-05-1972,Male,9393484517,alex.mathew98@example.com,"House No: 138, Bypass Road, Near Bus Stand, Kannur, Kerala - 671823",Business,Christian
173,Alex Varghese,16-01-1978,Male,8392698670,alex.varghese28@example.com,"House No: 133, Bypass Road, Near Hospital, Kottayam, Kerala - 692709",Farmer,Christian
115,Ali Koya,22-06-1976,Male,6662482836,ali.koya81@example.com,"House No: 179, Bypass Road, Near Hospital, Alappuzha, Kerala - 686954",Farmer,Muslim
130,Ali Musliyar,02-10-1990,Male,6373280130,ali.musliyar30@example.com,"House No: 162, Bypass Road, Near Bus Stand, Palakkad, Kerala - 694106",Nurse,Muslim
170,Ali Saquib,12-09-1986,Male,9202285382,ali.saquib77@example.com,"House No: 64, Bypass Road, Near Hospital, Kollam, Kerala - 673096",Student,Muslim
244,Amina Khan,01-07-1970,Female,9538084266,amina.khan33@example.com,"House No: 44, Market Road, Near School, Kottayam, Kerala - 683978",Software Engineer,Muslim
198,Amina Koya,15-06-1999,Female,9524705509,amina.koya81@example.com,"House No: 99, Church Street, Near Bus Stand, Ernakulam, Kerala - 676731",Student,Muslim
187,Amina Rawther,27-10-2003,Female,7415826831,amina.rawther26@example.com,"House No: 35, Temple Road, Near Hospital, Alappuzha, Kerala - 691639",Software Engineer,Muslim
156,Anand Nair,27-05-1998,Male,6491023559,anand.nair87@example.com,"House No: 214, Bypass Road, Near Hospital, Thrissur, Kerala - 683391",Software Engineer,Hindu
260,Anand Shenoy,09-11-1960,Male,7519246727,anand.shenoy55@example.com,"House No: 68, Church Street, Near School, Ernakulam, Kerala - 690294",Doctor,Hindu
140,Anand Varma,31-03-1971,Male,6539179424,anand.varma27@example.com,"House No: 77, Market Road, Near Bus Stand, Thiruvananthapuram, Kerala - 677155",Teacher,Hindu
104,Ancy Chacko,17-06-1960,Female,6834331450,ancy.chacko48@example.com,"House No: 173, Bypass Road, Near School, Kottayam, Kerala - 694801",Accountant,Christian
128,Ancy Joseph,05-01-1986,Female,8728299978,ancy.joseph68@example.com,"House No: 59, Church Street, Near Bus Stand, Kannur, Kerala - 691965",Software Engineer,Christian
149,Ancy Kurian,16-12-1977,Female,7473723285,ancy.kurian12@example.com,"House No: 137, Church Street, Near School, Alappuzha, Kerala - 674728",Student,Christian
151,Anju Kurian,12-02-1965,Female,8951165412,anju.kurian28@example.com,"House No: 19, Church Street, Near School, Kannur, Kerala - 677930",Doctor,Christian
144,Anju Varghese,15-06-1999,Female,8550559051,anju.varghese70@example.com,"House No: 18, Market Road, Near School, Alappuzha, Kerala - 675184",Business,Christian
206,Ann John,14-02-1996,Female,8332590747,ann.john72@example.com,"House No: 176, Market Road, Near School, Palakkad, Kerala - 677853",Doctor,Christian
248,Ann Joseph,16-03-1971,Female,6166804246,ann.joseph73@example.com,"House No: 37, Bypass Road, Near Bus Stand, Malappuram, Kerala - 695487",Farmer,Christian
122,Anoop Menon,21-03-1972,Male,7205582893,anoop.menon79@example.com,"House No: 122, Temple Road, Near School, Thiruvananthapuram, Kerala - 689111",Software Engineer,Hindu
219,Arun Kumar,17-01-1963,Male,7878208785,arun.kumar27@example.com,"House No: 99, Temple Road, Near Hospital, Ernakulam, Kerala - 686870",Student,Hindu
199,Arun Nair,23-12-1960,Male,6828975130,arun.nair52@example.com,"House No: 117, Bypass Road, Near Bus Stand, Thiruvananthapuram, Kerala - 686869",Accountant,Hindu
142,Asha Menon,05-04-1978,Female,6664993376,asha.menon38@example.com,"House No: 8, Main Road, Near School, Palakkad, Kerala - 686648",Student,Hindu
298,Asha Prabhu,14-06-1998,Female,8954132315,asha.prabhu95@example.com,"House No: 171, Main Road, Near School, Kottayam, Kerala - 691890",Business,Hindu
294,Ashraf Ali,05-12-1984,Male,8616663602,ashraf.ali87@example.com,"House No: 123, Temple Road, Near Hospital, Kannur, Kerala - 670819",Business,Muslim
179,Ashraf Koya,03-11-1991,Male,7604598138,ashraf.koya68@example.com,"House No: 73, Temple Road, Near School, Kannur, Kerala - 693389",Doctor,Muslim
264,Ashraf Saquib,28-02-2000,Male,8522406707,ashraf.saquib76@example.com,"House No: 57, Temple Road, Near School, Kottayam, Kerala - 670007",Farmer,Muslim
289,Athira Prabhu,25-04-1963,Female,7159373800,athira.prabhu96@example.com,"House No: 180, Church Street, Near School, Thiruvananthapuram, Kerala - 674601",Business,Hindu
117,Basheer Hassan,12-05-1963,Male,7850186339,basheer.hassan77@example.com,"House No: 151, Main Road, Near School, Kollam, Kerala - 671446",Nurse,Muslim
224,Basheer Musliyar,08-02-1980,Male,6275859663,basheer.musliyar44@example.com,"House No: 123, Temple Road, Near Bus Stand, Kozhikode, Kerala - 681780",Software Engineer,Muslim
163,Biju George,06-11-1994,Male,6128427002,biju.george24@example.com,"House No: 132, Church Street, Near School, Ernakulam, Kerala - 691439",Nurse,Christian
185,Biju George,26-06-1971,Male,8859613931,biju.george67@example.com,"House No: 245, Church Street, Near Bus Stand, Thiruvananthapuram, Kerala - 692453",Farmer,Christian
252,Biju Joseph,06-08-1970,Male,9770323422,biju.joseph74@example.com,"House No: 60, Temple Road, Near Bus Stand, Kannur, Kerala - 675170",Accountant,Christian
259,Deepak Panicker,22-02-1963,Male,9342538112,deepak.panicker42@example.com,"House No: 178, Temple Road, Near Hospital, Palakkad, Kerala - 684567",Business,Hindu
280,Divya Kumar,27-10-1961,Female,9602313110,divya.kumar35@example.com,"House No: 184, Main Road, Near School, Kannur, Kerala - 690939",Business,Hindu
118,Divya Varma,03-07-1960,Female,8335337507,divya.varma35@example.com,"House No: 149, Bypass Road, Near School, Kozhikode, Kerala - 688067",Doctor,Hindu
274,Elizabeth Chacko,18-12-1985,Female,7456009140,elizabeth.chacko12@example.com,"House No: 190, Church Street, Near Hospital, Ernakulam, Kerala - 677380",Business,Christian
107,Elizabeth John,18-03-2003,Female,9984995192,elizabeth.john30@example.com,"House No: 240, Main Road, Near School, Malappuram, Kerala - 695359",Doctor,Christian
180,Fahad Hassan,25-02-1983,Male,8257023069,fahad.hassan45@example.com,"House No: 130, Church Street, Near School, Palakkad, Kerala - 678299",Nurse,Muslim
246,Faisal Rawther,28-12-1969,Male,6520406422,faisal.rawther43@example.com,"House No: 125, Main Road, Near Hospital, Malappuram, Kerala - 687703",Accountant,Muslim
288,George John,23-05-1984,Male,8667596427,george.john76@example.com,"House No: 129, Main Road, Near Bus Stand, Kottayam, Kerala - 683073",Software Engineer,Christian
217,George Kuriakose,02-04-1989,Male,6524158954,george.kuriakose41@example.com,"House No: 120, Church Street, Near Hospital, Ernakulam, Kerala - 692419",Business,Christian
232,George Varghese,20-11-2000,Male,9437654508,george.varghese39@example.com,"House No: 12, Church Street, Near Hospital, Palakkad, Kerala - 674845",Farmer,Christian
271,Gopika Nair,16-04-2000,Female,8278587586,gopika.nair84@example.com,"House No: 127, Temple Road, Near Bus Stand, Thrissur, Kerala - 679344",Business,Hindu
147,Gopika Pillai,25-05-1999,Female,9610981957,gopika.pillai96@example.com,"House No: 18, Church Street, Near School, Thrissur, Kerala - 670243",Accountant,Hindu
257,Haseena Hassan,16-03-1998,Female,6648786780,haseena.hassan11@example.com,"House No: 41, Temple Road, Near School, Kollam, Kerala - 682587",Doctor,Muslim
137,Haseena Koya,22-08-1978,Female,7582807792,haseena.koya60@example.com,"House No: 16, Bypass Road, Near Bus Stand, Kollam, Kerala - 675521",Nurse,Muslim
237,Haseena Koya,05-05-1983,Female,9761586574,haseena.koya40@example.com,"House No: 104, Bypass Road, Near Hospital, Thrissur, Kerala - 684878",Doctor,Muslim
184,Haseena Rawther,14-01-2000,Female,8906855565,haseena.rawther70@example.com,"House No: 88, Bypass Road, Near School, Thiruvananthapuram, Kerala - 688053",Software Engineer,Muslim
191,Ibrahim Khan,30-06-1976,Male,9610930804,ibrahim.khan53@example.com,"House No: 125, Church Street, Near Hospital, Kozhikode, Kerala - 682055",Nurse,Muslim
242,Jacob George,19-06-2000,Male,6292396491,jacob.george72@example.com,"House No: 145, Bypass Road, Near Hospital, Alappuzha, Kerala - 687441",Teacher,Christian
121,Jacob John,15-05-2001,Male,9756775982,jacob.john94@example.com,"House No: 8, Market Road, Near Bus Stand, Thiruvananthapuram, Kerala - 688251",Doctor,Christian
300,Jamal,29-09-2025,Male,6292392561,hdbbsdk@gmail.com,house no 192,Driver,Muslim
256,Jamal Khan,20-10-1994,Male,7260687717,jamal.khan86@example.com,"House No: 11, Church Street, Near Bus Stand, Kollam, Kerala - 682406",Business,Muslim
113,Jaseena Hassan,23-06-1975,Female,6378672281,jaseena.hassan11@example.com,"House No: 128, Main Road, Near Hospital, Thiruvananthapuram, Kerala - 682670",Doctor,Muslim
255,Jaseena Hassan,26-02-1990,Female,9470846091,jaseena.hassan91@example.com,"House No: 39, Temple Road, Near Hospital, Alappuzha, Kerala - 685798",Software Engineer,Muslim
263,Jaseena Rawther,27-11-1967,Female,8648475019,jaseena.rawther78@example.com,"House No: 48, Bypass Road, Near School, Alappuzha, Kerala - 693811",Doctor,Muslim
160,Jaseena Saquib,23-09-1970,Female,7738115520,jaseena.saquib70@example.com,"House No: 76, Church Street, Near Bus Stand, Ernakulam, Kerala - 679798",Nurse,Muslim
278,Jaseena Saquib,13-09-1983,Female,7142826204,jaseena.saquib11@example.com,"House No: 93, Bypass Road, Near Bus Stand, Kollam, Kerala - 691249",Farmer,Muslim
208,Jasmine Hassan,06-03-1985,Female,8880502057,jasmine.hassan96@example.com,"House No: 93, Bypass Road, Near Hospital, Kottayam, Kerala - 670390",Farmer,Muslim
146,Jasmine Musliyar,20-01-1995,Female,6494775645,jasmine.musliyar11@example.com,"House No: 39, Market Road, Near Bus Stand, Palakkad, Kerala - 670792",Farmer,Muslim
275,Jasmine Rawther,11-07-1995,Female,8379828409,jasmine.rawther59@example.com,"House No: 14, Market Road, Near Hospital, Thrissur, Kerala - 676752",Farmer,Muslim
223,Jasmine Saquib,06-08-2005,Female,9969668678,jasmine.saquib91@example.com,"House No: 13, Market Road, Near School, Kottayam, Kerala - 690736",Farmer,Muslim
190,Jijo Chacko,20-01-1962,Male,6512373420,jijo.chacko71@example.com,"House No: 121, Church Street, Near Bus Stand, Ernakulam, Kerala - 691055",Software Engineer,Christian
245,Jijo John,19-10-1996,Male,8824629383,jijo.john64@example.com,"House No: 57, Market Road, Near School, Kozhikode, Kerala - 673035",Software Engineer,Christian
155,Jijo Mathew,07-05-1964,Male,7574785266,jijo.mathew75@example.com,"House No: 111, Church Street, Near Hospital, Ernakulam, Kerala - 672118",Doctor,Christian
193,Jincy Thomas,27-05-1990,Female,6568008445,jincy.thomas53@example.com,"House No: 159, Market Road, Near Bus Stand, Ernakulam, Kerala - 694488",Farmer,Christian
197,Jisha John,29-12-2003,Female,8708794655,jisha.john94@example.com,"House No: 93, Bypass Road, Near Hospital, Kollam, Kerala - 679200",Software Engineer,Christian
241,Jithin Prabhu,15-10-1967,Male,8747053340,jithin.prabhu50@example.com,"House No: 233, Church Street, Near Hospital, Thrissur, Kerala - 692873",Business,Hindu
213,Jomol Varghese,14-10-1985,Female,7812388625,jomol.varghese36@example.com,"House No: 64, Temple Road, Near School, Malappuram, Kerala - 680908",Business,Christian
227,Jomon Varghese,17-01-1976,Male,6581933204,jomon.varghese91@example.com,"House No: 56, Temple Road, Near Hospital, Malappuram, Kerala - 686687",Software Engineer,Christian
250,Joseph Kuriakose,04-02-1994,Male,6450254184,joseph.kuriakose83@example.com,"House No: 32, Bypass Road, Near Hospital, Thrissur, Kerala - 694537",Nurse,Christian
239,Joseph Varghese,15-11-1976,Male,8352522687,joseph.varghese12@example.com,"House No: 194, Main Road, Near Hospital, Ernakulam, Kerala - 677478",Farmer,Christian
154,Kiran Kumar,23-05-1974,Male,6752157258,kiran.kumar91@example.com,"House No: 85, Main Road, Near Hospital, Alappuzha, Kerala - 694520",Student,Hindu
189,Kiran Pillai,07-10-1977,Male,7131626651,kiran.pillai68@example.com,"House No: 220, Temple Road, Near School, Ernakulam, Kerala - 688364",Accountant,Hindu
158,Krishnan Pillai,14-07-1992,Male,6203240235,krishnan.pillai71@example.com,"House No: 166, Church Street, Near Hospital, Kottayam, Kerala - 670631",Doctor,Hindu
238,Krishnan Shenoy,11-03-1995,Male,7454970080,krishnan.shenoy98@example.com,"House No: 5, Market Road, Near Hospital, Kollam, Kerala - 675413",Business,Hindu
269,Laila Hassan,02-03-1993,Female,7352855594,laila.hassan44@example.com,"House No: 241, Bypass Road, Near School, Alappuzha, Kerala - 690934",Nurse,Muslim
258,Laila Musliyar,17-05-2004,Female,7283216427,laila.musliyar11@example.com,"House No: 12, Main Road, Near Hospital, Kannur, Kerala - 672594",Student,Muslim
262,Lakshmi Menon,22-12-2001,Female,6733310674,lakshmi.menon75@example.com,"House No: 20, Church Street, Near Bus Stand, Palakkad, Kerala - 692266",Doctor,Hindu
123,Lekha Nair,07-10-1982,Female,9874978156,lekha.nair16@example.com,"House No: 108, Main Road, Near School, Palakkad, Kerala - 684709",Teacher,Hindu
267,Leo Varghese,30-06-1989,Male,7595702258,leo.varghese28@example.com,"House No: 113, Market Road, Near Bus Stand, Malappuram, Kerala - 675966",Farmer,Christian
100,Liya George,12-07-1970,Female,9904723071,liya.george22@example.com,"House No: 181, Main Road, Near Bus Stand, Kollam, Kerala - 680777",Student,Christian
287,Manoj Panicker,08-01-1985,Male,7113243906,manoj.panicker57@example.com,"House No: 32, Market Road, Near Bus Stand, Kollam, Kerala - 688108",Software Engineer,Hindu
233,Maria Mathew,22-02-1967,Female,7166303837,maria.mathew23@example.com,"House No: 40, Church Street, Near School, Malappuram, Kerala - 694523",Student,Christian
111,Maria Varghese,21-08-1979,Female,8718182815,maria.varghese37@example.com,"House No: 92, Temple Road, Near Bus Stand, Alappuzha, Kerala - 688835",Doctor,Christian
209,Maria Varghese,03-11-1983,Female,9875084627,maria.varghese44@example.com,"House No: 137, Bypass Road, Near Hospital, Kannur, Kerala - 682329",Business,Christian
297,Martin Chacko,11-11-1976,Male,7595820360,martin.chacko20@example.com,"House No: 222, Market Road, Near School, Kottayam, Kerala - 687699",Nurse,Christian
141,Martin Joseph,19-05-1963,Male,7336487823,martin.joseph13@example.com,"House No: 49, Temple Road, Near School, Kollam, Kerala - 686535",Doctor,Christian
186,Mathew Thomas,09-03-1974,Male,9350078951,mathew.thomas87@example.com,"House No: 48, Main Road, Near School, Kottayam, Kerala - 690121",Nurse,Christian
205,Mathew Varghese,23-09-1999,Male,7972058150,mathew.varghese28@example.com,"House No: 234, Bypass Road, Near School, Thrissur, Kerala - 686206",Farmer,Christian
132,Maya Kumar,17-02-1980,Female,8330764733,maya.kumar30@example.com,"House No: 160, Temple Road, Near School, Kannur, Kerala - 688690",Nurse,Hindu
296,Maya Pillai,03-02-1982,Female,6841298033,maya.pillai29@example.com,"House No: 204, Church Street, Near Hospital, Alappuzha, Kerala - 681465",Student,Hindu
119,Maya Prabhu,07-01-1992,Female,7530917462,maya.prabhu98@example.com,"House No: 84, Main Road, Near Hospital, Palakkad, Kerala - 675814",Business,Hindu
143,Merin George,16-05-1961,Female,6994512798,merin.george60@example.com,"House No: 171, Bypass Road, Near School, Kollam, Kerala - 686702",Accountant,Christian
116,Mohammed Khan,21-11-1991,Male,9901264340,mohammed.khan76@example.com,"House No: 214, Church Street, Near School, Malappuram, Kerala - 689464",Software Engineer,Muslim
229,Mujeeb Khan,26-07-1969,Male,7538728626,mujeeb.khan25@example.com,"House No: 67, Main Road, Near Bus Stand, Alappuzha, Kerala - 676834",Farmer,Muslim
134,Mujeeb Koya,06-04-1967,Male,7857439499,mujeeb.koya87@example.com,"House No: 135, Temple Road, Near School, Thrissur, Kerala - 691706",Accountant,Muslim
273,Mujeeb Rawther,25-08-1974,Male,7613135227,mujeeb.rawther43@example.com,"House No: 172, Main Road, Near Hospital, Palakkad, Kerala - 690925",Farmer,Muslim
120,Neethu Kuriakose,01-04-1971,Female,7678048851,neethu.kuriakose15@example.com,"House No: 57, Main Road, Near School, Kannur, Kerala - 689297",Software Engineer,Christian
200,Neethu Thomas,28-05-1961,Female,7980668094,neethu.thomas86@example.com,"House No: 181, Market Road, Near School, Ernakulam, Kerala - 670322",Student,Christian
216,Nithin Varma,15-07-1961,Male,8100434256,nithin.varma94@example.com,"House No: 64, Main Road, Near Hospital, Kozhikode, Kerala - 681334",Business,Hindu
230,Nizar Musliyar,22-05-1981,Male,8391463035,nizar.musliyar20@example.com,"House No: 98, Church Street, Near Hospital, Kozhikode, Kerala - 689781",Software Engineer,Muslim
295,Paul Kuriakose,12-04-1988,Male,8357568691,paul.kuriakose23@example.com,"House No: 10, Bypass Road, Near Bus Stand, Palakkad, Kerala - 687127",Teacher,Christian
102,Paul Varghese,26-06-1999,Male,6277694628,paul.varghese64@example.com,"House No: 22, Market Road, Near School, Kannur, Kerala - 691049",Business,Christian
169,Pooja Pillai,13-11-1966,Female,7113117750,pooja.pillai13@example.com,"House No: 239, Market Road, Near Hospital, Kottayam, Kerala - 681445",Teacher,Hindu
178,Pooja Varma,21-10-1973,Female,6974887696,pooja.varma59@example.com,"House No: 139, Temple Road, Near Hospital, Palakkad, Kerala - 680937",Business,Hindu
286,Prakash Nair,22-04-1996,Male,8297267743,prakash.nair51@example.com,"House No: 209, Temple Road, Near Hospital, Alappuzha, Kerala - 685327",Software Engineer,Hindu
254,Preetha Kumar,31-07-1967,Female,9564945908,preetha.kumar48@example.com,"House No: 153, Market Road, Near School, Kannur, Kerala - 671091",Teacher,Hindu
195,Preetha Menon,17-07-1996,Female,8719384069,preetha.menon75@example.com,"House No: 54, Main Road, Near School, Thiruvananthapuram, Kerala - 679437",Teacher,Hindu
176,Preetha Panicker,01-09-1970,Female,8125909781,preetha.panicker87@example.com,"House No: 135, Church Street, Near Bus Stand, Palakkad, Kerala - 680040",Software Engineer,Hindu
106,Princy George,02-01-1998,Female,7828999548,princy.george30@example.com,"House No: 45, Bypass Road, Near Hospital, Kottayam, Kerala - 694033",Teacher,Christian
139,Princy John,12-06-2005,Female,9175930777,princy.john69@example.com,"House No: 220, Main Road, Near School, Ernakulam, Kerala - 683031",Farmer,Christian
281,Rahul Menon,15-12-1961,Male,7387232196,rahul.menon37@example.com,"House No: 212, Church Street, Near School, Kannur, Kerala - 677618",Software Engineer,Hindu
222,Ramya Pillai,25-03-1964,Female,7404376191,ramya.pillai69@example.com,"House No: 53, Temple Road, Near School, Kozhikode, Kerala - 677751",Accountant,Hindu
268,Rashid Khan,14-02-1962,Male,8374410801,rashid.khan22@example.com,"House No: 146, Main Road, Near Hospital, Kottayam, Kerala - 694846",Software Engineer,Muslim
166,Rony Thomas,21-11-2005,Male,6594962728,rony.thomas90@example.com,"House No: 182, Market Road, Near Hospital, Kozhikode, Kerala - 675164",Business,Christian
129,Ruksana Khan,18-08-1990,Female,7241362689,ruksana.khan63@example.com,"House No: 210, Bypass Road, Near School, Malappuram, Kerala - 681882",Accountant,Muslim
177,Ruksana Koya,16-01-2000,Female,8265860038,ruksana.koya21@example.com,"House No: 49, Bypass Road, Near Hospital, Ernakulam, Kerala - 680958",Accountant,Muslim
114,Ruksana Musliyar,03-01-1962,Female,7950878303,ruksana.musliyar35@example.com,"House No: 35, Temple Road, Near School, Alappuzha, Kerala - 682122",Farmer,Muslim
131,Sajan John,02-09-2000,Male,6611716596,sajan.john17@example.com,"House No: 5, Bypass Road, Near School, Palakkad, Kerala - 674961",Business,Christian
261,Sajitha Koya,26-09-1970,Female,6979612497,sajitha.koya71@example.com,"House No: 85, Main Road, Near School, Thiruvananthapuram, Kerala - 671025",Doctor,Muslim
124,Sajitha Musliyar,26-10-1974,Female,7470022191,sajitha.musliyar23@example.com,"House No: 25, Church Street, Near School, Thiruvananthapuram, Kerala - 686137",Teacher,Muslim
291,Salim Koya,24-02-1972,Male,9845001601,salim.koya56@example.com,"House No: 237, Temple Road, Near Bus Stand, Kottayam, Kerala - 679619",Doctor,Muslim
101,Salim Rawther,29-06-1965,Male,7830349835,salim.rawther81@example.com,"House No: 208, Church Street, Near School, Palakkad, Kerala - 682964",Student,Muslim
218,Sameera Rawther,17-10-1994,Female,6221093370,sameera.rawther33@example.com,"House No: 166, Main Road, Near School, Palakkad, Kerala - 675486",Software Engineer,Muslim
202,Sanal Panicker,21-08-1987,Male,8479101340,sanal.panicker82@example.com,"House No: 77, Main Road, Near School, Ernakulam, Kerala - 693921",Accountant,Hindu
234,Sandeep Nair,13-11-1986,Male,8147512251,sandeep.nair38@example.com,"House No: 164, Church Street, Near Bus Stand, Kottayam, Kerala - 695318",Software Engineer,Hindu
270,Sandra Kuriakose,22-10-1970,Female,7411587245,sandra.kuriakose93@example.com,"House No: 77, Market Road, Near Bus Stand, Ernakulam, Kerala - 671134",Business,Christian
249,Santhosh Pillai,23-09-1987,Male,9633020442,santhosh.pillai61@example.com,"House No: 147, Church Street, Near Hospital, Kollam, Kerala - 685305",Business,Hindu
161,Santhosh Prabhu,04-11-1980,Male,6374675257,santhosh.prabhu36@example.com,"House No: 92, Main Road, Near Hospital, Kottayam, Kerala - 692342",Farmer,Hindu
126,Seema Nair,18-01-1971,Female,8933780301,seema.nair54@example.com,"House No: 46, Market Road, Near Hospital, Kozhikode, Kerala - 678511",Accountant,Hindu
112,Seema Prabhu,17-03-2003,Female,6116913840,seema.prabhu26@example.com,"House No: 134, Temple Road, Near Bus Stand, Palakkad, Kerala - 675566",Farmer,Hindu
162,Shahina Ali,25-07-1997,Female,9786278964,shahina.ali71@example.com,"House No: 47, Market Road, Near School, Kottayam, Kerala - 694705",Business,Muslim
105,Shahina Khan,13-06-1965,Female,8363318635,shahina.khan71@example.com,"House No: 186, Temple Road, Near Hospital, Thrissur, Kerala - 683804",Accountant,Muslim
212,Shahina Koya,25-05-1971,Female,7310395485,shahina.koya95@example.com,"House No: 181, Bypass Road, Near Hospital, Ernakulam, Kerala - 692644",Accountant,Muslim
277,Shahul Musliyar,26-04-1985,Male,9103665207,shahul.musliyar98@example.com,"House No: 86, Main Road, Near School, Alappuzha, Kerala - 683760",Accountant,Muslim
236,Shalini Joseph,16-08-1983,Female,9557315514,shalini.joseph50@example.com,"House No: 160, Temple Road, Near Bus Stand, Thiruvananthapuram, Kerala - 673390",Business,Christian
290,Shamna Khan,18-08-1972,Female,6686238509,shamna.khan35@example.com,"House No: 29, Bypass Road, Near Hospital, Malappuram, Kerala - 671588",Software Engineer,Muslim
108,Shamna Rawther,17-01-2002,Female,8950063303,shamna.rawther52@example.com,"House No: 240, Bypass Road, Near School, Ernakulam, Kerala - 688486",Accountant,Muslim
109,Sheela Ali,09-04-1972,Female,6277406823,sheela.ali15@example.com,"House No: 66, Main Road, Near Bus Stand, Kottayam, Kerala - 694608",Student,Muslim
204,Sheela Saquib,09-01-1967,Female,7372624120,sheela.saquib53@example.com,"House No: 128, Market Road, Near Bus Stand, Thiruvananthapuram, Kerala - 687310",Teacher,Muslim
253,Sherin Joseph,28-10-1960,Female,8628327391,sherin.joseph54@example.com,"House No: 134, Temple Road, Near Hospital, Kozhikode, Kerala - 686797",Doctor,Christian
243,Sherin Kuriakose,14-05-1967,Female,9141095104,sherin.kuriakose13@example.com,"House No: 131, Market Road, Near Hospital, Kottayam, Kerala - 692761",Farmer,Christian
165,Sherin Kurian,02-12-2002,Female,6967670847,sherin.kurian44@example.com,"House No: 92, Church Street, Near School, Thiruvananthapuram, Kerala - 690066",Student,Christian
183,Shibu Joseph,18-05-1980,Male,7713517577,shibu.joseph62@example.com,"House No: 73, Main Road, Near School, Kollam, Kerala - 677802",Nurse,Christian
293,Shilpa Menon,10-02-2002,Female,6696033840,shilpa.menon74@example.com,"House No: 133, Temple Road, Near Bus Stand, Ernakulam, Kerala - 673407",Software Engineer,Hindu
174,Smitha Kumar,03-05-1979,Female,6585254130,smitha.kumar28@example.com,"House No: 91, Temple Road, Near Hospital, Thiruvananthapuram, Kerala - 674218",Nurse,Hindu
215,Smitha Menon,24-07-1971,Female,9413009181,smitha.menon44@example.com,"House No: 136, Temple Road, Near Bus Stand, Kozhikode, Kerala - 693073",Software Engineer,Hindu
164,Smitha Prabhu,05-02-1992,Female,9569560409,smitha.prabhu94@example.com,"House No: 87, Church Street, Near Hospital, Kottayam, Kerala - 693929",Nurse,Hindu
188,Smitha Varma,13-12-1973,Female,8881422373,smitha.varma97@example.com,"House No: 234, Main Road, Near School, Alappuzha, Kerala - 679065",Accountant,Hindu
266,Sneha Prabhu,27-02-1985,Female,8693988033,sneha.prabhu55@example.com,"House No: 163, Main Road, Near School, Thrissur, Kerala - 677511",Student,Hindu
279,Soumya Shenoy,26-03-1962,Female,8680716616,soumya.shenoy21@example.com,"House No: 202, Market Road, Near Hospital, Palakkad, Kerala - 694270",Doctor,Hindu
211,Sreeja Nair,19-06-1983,Female,6316847411,sreeja.nair68@example.com,"House No: 155, Church Street, Near School, Kollam, Kerala - 690559",Doctor,Hindu
240,Stephen John,14-05-1961,Male,9777168289,stephen.john57@example.com,"House No: 157, Bypass Road, Near Hospital, Kozhikode, Kerala - 675323",Accountant,Christian
292,Stephen Joseph,24-10-1961,Male,8905736254,stephen.joseph76@example.com,"House No: 39, Church Street, Near Bus Stand, Thrissur, Kerala - 670819",Doctor,Christian
220,Stephen Varghese,19-01-1973,Male,7820522761,stephen.varghese36@example.com,"House No: 22, Main Road, Near Bus Stand, Kottayam, Kerala - 694896",Software Engineer,Christian
214,Suhara Koya,28-05-1989,Female,6648073112,suhara.koya17@example.com,"House No: 11, Bypass Road, Near School, Ernakulam, Kerala - 692152",Teacher,Muslim
159,Sujith Shenoy,19-04-1978,Male,6315279048,sujith.shenoy96@example.com,"House No: 194, Market Road, Near Bus Stand, Thrissur, Kerala - 684923",Doctor,Hindu
299,Sunil Shenoy,12-12-1987,Male,9520727840,sunil.shenoy56@example.com,"House No: 192, Market Road, Near Hospital, Kottayam, Kerala - 683201",Teacher,Hindu
247,Suresh Panicker,22-12-1967,Male,8666596789,suresh.panicker55@example.com,"House No: 17, Main Road, Near School, Malappuram, Kerala - 670894",Business,Hindu
265,Tessa Chacko,02-10-2002,Female,6787398188,tessa.chacko44@example.com,"House No: 80, Main Road, Near School, Ernakulam, Kerala - 682106",Business,Christian
157,Tessa George,04-04-1979,Female,8245790270,tessa.george20@example.com,"House No: 104, Bypass Road, Near School, Thiruvananthapuram, Kerala - 674662",Teacher,Christian
282,Tessa George,16-01-1970,Female,8687990236,tessa.george39@example.com,"House No: 63, Bypass Road, Near School, Thiruvananthapuram, Kerala - 679092",Doctor,Christian
168,Thomas Joseph,05-12-1973,Male,6380146172,thomas.joseph57@example.com,"House No: 100, Main Road, Near Hospital, Thiruvananthapuram, Kerala - 671097",Doctor,Christian
194,Thomas Kuriakose,06-06-1992,Male,9600872295,thomas.kuriakose76@example.com,"House No: 21, Market Road, Near School, Kozhikode, Kerala - 672100",Farmer,Christian
181,Tijo Mathew,16-12-1977,Male,8383672977,tijo.mathew93@example.com,"House No: 121, Market Road, Near Bus Stand, Thrissur, Kerala - 693408",Nurse,Christian
171,Tijo Varghese,19-06-1982,Male,6339394637,tijo.varghese66@example.com,"House No: 33, Church Street, Near Bus Stand, Ernakulam, Kerala - 679454",Farmer,Christian
226,Tintu Kuriakose,31-10-1974,Female,7967261811,tintu.kuriakose21@example.com,"House No: 11, Temple Road, Near School, Ernakulam, Kerala - 683502",Doctor,Christian
231,Tintu Kuriakose,03-11-1986,Female,8227515093,tintu.kuriakose95@example.com,"House No: 123, Temple Road, Near School, Thrissur, Kerala - 692508",Student,Christian
203,Tomy Kurian,23-09-1995,Male,8282218108,tomy.kurian91@example.com,"House No: 226, Church Street, Near School, Thrissur, Kerala - 690444",Student,Christian
283,Tomy Mathew,20-09-1964,Male,8190176677,tomy.mathew51@example.com,"House No: 234, Market Road, Near Bus Stand, Thrissur, Kerala - 692596",Student,Christian
152,Umar Ali,28-12-1964,Male,9513556444,umar.ali15@example.com,"House No: 213, Temple Road, Near School, Thrissur, Kerala - 687172",Software Engineer,Muslim
153,Unni Pillai,07-11-1987,Male,7951004742,unni.pillai30@example.com,"House No: 148, Main Road, Near Hospital, Malappuram, Kerala - 690092",Farmer,Hindu
135,Varghese Mathew,18-09-1994,Male,7885359165,varghese.mathew57@example.com,"House No: 4, Market Road, Near Bus Stand, Kannur, Kerala - 690784",Doctor,Christian
133,Vidya Nair,14-01-1980,Female,9823802566,vidya.nair13@example.com,"House No: 121, Church Street, Near Hospital, Thiruvananthapuram, Kerala - 679507",Business,Hindu
150,Vidya Nair,10-06-1998,Female,6947486553,vidya.nair67@example.com,"House No: 171, Main Road, Near Bus Stand, Alappuzha, Kerala - 680605",Nurse,Hindu
228,Vineetha Kumar,22-12-1984,Female,7638585595,vineetha.kumar32@example.com,"House No: 60, Bypass Road, Near School, Malappuram, Kerala - 694390",Nurse,Hindu
145,Vineetha Menon,02-06-1977,Female,6186802080,vineetha.menon69@example.com,"House No: 73, Church Street, Near School, Kozhikode, Kerala - 694970",Doctor,Hindu
225,Vineetha Varma,23-02-1970,Female,7228294135,vineetha.varma11@example.com,"House No: 220, Market Road, Near Bus Stand, Alappuzha, Kerala - 671266",Business,Hindu
148,Vinu Shenoy,04-08-1987,Male,9869487179,vinu.shenoy92@example.com,"House No: 137, Church Street, Near Bus Stand, Kozhikode, Kerala - 688995",Farmer,Hindu
136,Vipin Chacko,21-07-2004,Male,8538725821,vipin.chacko35@example.com,"House No: 51, Main Road, Near Bus Stand, Kannur, Kerala - 686368",Business,Christian
167,Vipin George,10-05-1977,Male,9248878353,vipin.george92@example.com,"House No: 5, Market Road, Near Bus Stand, Kottayam, Kerala - 684140",Student,Christian
110,Vipin Joseph,12-09-1989,Male,6303831581,vipin.joseph77@example.com,"House No: 48, Main Road, Near Hospital, Kottayam, Kerala - 687179",Nurse,Christian
192,Vipin Kurian,06-05-1997,Male,8235280517,vipin.kurian25@example.com,"House No: 90, Bypass Road, Near Bus Stand, Ernakulam, Kerala - 690215",Teacher,Christian
207,Vishnu Kumar,15-01-1997,Male,6383026524,vishnu.kumar45@example.com,"House No: 138, Church Street, Near School, Kollam, Kerala - 676092",Nurse,Hindu
138,Vishnu Pillai,08-07-1985,Male,6332034531,vishnu.pillai39@example.com,"House No: 25, Church Street, Near Hospital, Ernakulam, Kerala - 675595",Farmer,Hindu
103,Vishnu Prabhu,08-10-2003,Male,7945851009,vishnu.prabhu89@example.com,"House No: 61, Church Street, Near School, Palakkad, Kerala - 692847",Accountant,Hindu
276,Vishnu Prabhu,24-05-1995,Male,9104247214,vishnu.prabhu11@example.com,"House No: 31, Main Road, Near Hospital, Thrissur, Kerala - 680168",Teacher,Hindu
285,Vishnu Varma,05-06-1985,Male,8772627283,vishnu.varma12@example.com,"House No: 180, Main Road, Near School, Palakkad, Kerala - 689332",Teacher,Hindu
210,Yasmin Rawther,27-11-1979,Female,8729827289,yasmin.rawther74@example.com,"House No: 89, Main Road, Near Hospital, Kozhikode, Kerala - 691967",Business,Muslim
272,Yusuf Hassan,27-08-1983,Male,8712406633,yusuf.hassan17@example.com,"House No: 12, Temple Road, Near Hospital, Thrissur, Kerala - 670829",Farmer,Muslim
175,Zainab Musliyar,09-03-1984,Female,7905867897,zainab.musliyar34@example.com,"House No: 53, Temple Road, Near School, Kozhikode, Kerala - 682894",Nurse,Muslim
127,Zeenath Ali,24-06-1963,Female,7155298985,zeenath.ali28@example.com,"House No: 176, Church Street, Near Hospital, Palakkad, Kerala - 671476",Student,Muslim
251,Zeenath Khan,22-08-2004,Female,9175521798,zeenath.khan81@example.com,"House No: 194, Market Road, Near Bus Stand, Kottayam, Kerala - 672913",Doctor,Muslim
235,Zubair Saquib,14-07-1995,Male,9704422332,zubair.saquib88@example.com,"House No: 201, Church Street, Near Bus Stand, Kozhikode, Kerala - 690572",Business,Muslim
